0,0,0,0,0,0,0,0,0,0,0,0,0,0,0,0,0,0,0,0,0,0,0,0,0,0,0,0,0,0,0,0,0,0,0,0,0,0,0,0,0,0,0,0,0,0,0,0,0,0,0,0,0,0,0,0,0,0,0,0,0,0,0,0,0,0,0,0,0,0,0,0,0,0,0,0,0,0,0,0,0,0,0,0,0,0,0,0,0,0,0,0,0
32,39,0,0,0,0,0,0,0,0,0,0,0,0,0,10,10,10,10,10,10,10,10,10,10,10,10,10,10,10,10,10,10,10,10,10,10,10,10,10,10,10,10,10,10,10,10,10,10,10,10,10,10,10,10,10,10,10,10,10,10,10,10,10,10,10,10,10,10,10,10,10,10,10,10,10,10,10,10,10,10,10,10,10,10,10,10,10,70,70,70,70,70
63,42,0,0,0,0,0,0,0,0,0,10,10,10,10,10,10,10,10,10,10,10,10,10,10,20,20,20,20,20,20,20,20,20,20,20,20,20,20,20,20,20,20,20,20,20,20,20,20,20,20,20,20,20,20,20,20,20,20,20,20,20,20,20,20,20,20,20,20,20,20,20,20,20,20,20,20,20,20,20,20,20,20,60,70,70,70,70,70,70,70,70,70
90,44,0,0,0,0,0,0,10,10,10,10,10,10,10,10,10,10,10,10,10,10,20,20,20,20,20,20,20,20,20,20,20,20,20,20,20,20,20,20,20,20,20,20,20,20,20,20,20,20,20,20,20,20,20,20,20,20,20,20,20,20,20,20,20,20,20,20,20,20,20,20,20,20,20,20,20,20,60,60,60,60,60,60,70,70,70,70,70,70,70,70,70
97,44,0,0,0,0,0,10,10,10,10,10,10,10,10,10,10,10,10,10,10,10,20,20,20,20,20,20,20,20,20,20,20,20,20,20,20,20,20,20,20,20,20,20,20,20,20,20,20,20,20,20,20,20,20,20,20,20,20,20,20,20,20,20,20,20,20,20,20,20,20,20,20,20,20,20,60,60,60,60,60,60,60,60,70,70,70,70,70,70,70,70,70
101,54,0,0,0,0,10,10,10,10,10,10,10,10,10,10,10,10,10,10,10,10,20,20,20,20,20,20,20,20,20,20,20,20,20,20,20,20,20,20,20,20,20,20,20,20,20,20,20,20,20,20,20,20,20,20,20,20,20,20,20,20,20,20,20,20,20,20,20,20,20,20,20,20,20,60,60,60,60,60,60,60,60,60,60,70,70,70,70,70,70,70,70
113,55,0,0,0,10,10,10,10,10,10,10,10,10,10,10,10,10,10,10,20,20,20,20,20,20,20,20,20,20,20,20,20,20,20,20,20,20,20,20,20,20,20,20,20,20,20,20,20,20,20,20,20,20,20,20,20,20,20,20,20,20,20,20,20,20,20,20,20,20,20,60,60,60,60,60,60,60,60,60,60,60,60,60,60,70,70,70,70,70,70,70,70
127,61,10,10,10,10,10,10,10,10,10,10,10,10,10,10,10,10,10,20,20,20,20,20,20,20,20,20,20,20,20,20,20,30,30,30,30,30,30,30,30,30,30,30,30,30,30,30,30,30,30,30,30,30,30,30,30,30,30,30,30,30,30,30,30,30,50,50,50,50,50,60,60,60,60,60,60,60,60,60,60,60,60,60,60,70,70,70,70,70,70,70,70
142,69,10,10,10,10,10,10,10,10,10,10,10,10,10,10,10,10,20,20,20,20,20,20,20,20,20,20,20,20,20,20,30,30,30,30,30,30,30,30,30,30,30,30,30,40,40,40,40,40,40,40,40,40,40,40,40,40,50,50,50,50,50,50,50,50,50,50,50,50,50,60,60,60,60,60,60,60,60,60,60,60,60,60,60,60,70,70,70,70,70,70,70
150,77,10,10,10,10,10,10,10,10,10,10,10,10,10,10,10,20,20,20,20,20,20,20,20,20,20,20,20,20,20,20,30,30,30,30,30,30,30,30,30,30,30,30,30,40,40,40,40,40,40,40,40,40,40,40,40,40,50,50,50,50,50,50,50,50,50,50,50,50,50,50,60,60,60,60,60,60,60,60,60,60,60,60,60,60,60,70,70,70,70,70,70
155,91,10,10,10,10,10,10,10,10,10,10,10,10,10,10,10,20,20,20,20,20,20,20,20,20,20,20,20,20,20,20,30,30,30,30,30,30,30,30,30,30,30,30,30,30,40,40,40,40,40,40,40,40,40,40,40,40,40,50,50,50,50,50,50,50,50,50,50,50,50,50,50,60,60,60,60,60,60,60,60,60,60,60,60,60,60,60,70,70,70,70,70
156,93,10,10,10,10,10,10,10,10,10,10,10,10,10,10,10,20,20,20,20,20,20,20,20,20,20,20,20,20,20,20,30,30,30,30,30,30,30,30,30,30,30,30,30,30,40,40,40,40,40,40,40,40,40,40,40,40,40,50,50,50,50,50,50,50,50,50,50,50,50,50,50,60,60,60,60,60,60,60,60,60,60,60,60,60,60,60,60,70,70,70,70
176,94,10,10,10,10,10,10,10,10,10,10,10,10,20,20,20,20,20,20,20,20,20,20,20,20,20,20,20,20,30,30,30,30,30,30,30,30,30,30,30,30,30,30,40,40,40,40,40,40,40,40,40,40,40,40,40,40,50,50,50,50,50,50,50,50,50,50,50,50,50,50,50,60,60,60,60,60,60,60,60,60,60,60,60,60,60,60,60,70,70,70,70
181,94,10,10,10,10,10,10,10,10,10,10,10,20,20,20,20,20,20,20,20,20,20,20,20,20,20,20,20,20,30,30,30,30,30,30,30,30,30,30,30,30,30,30,40,40,40,40,40,40,40,40,40,40,40,40,40,40,50,50,50,50,50,50,50,50,50,50,50,50,50,50,60,60,60,60,60,60,60,60,60,60,60,60,60,60,60,60,60,70,70,70,70
184,102,10,10,10,10,10,10,10,10,10,10,10,20,20,20,20,20,20,20,20,20,20,20,20,20,20,20,20,20,30,30,30,30,30,30,30,30,30,30,30,30,30,30,40,40,40,40,40,40,40,40,40,40,40,40,40,40,40,50,50,50,50,50,50,50,50,50,50,50,50,50,50,60,60,60,60,60,60,60,60,60,60,60,60,60,60,60,60,60,70,70,70
207,118,10,10,10,10,10,10,10,10,20,20,20,20,20,20,20,20,20,20,20,20,20,20,20,20,20,20,30,30,30,30,30,30,30,30,30,30,30,30,30,30,30,30,40,40,40,40,40,40,40,40,40,40,40,40,40,40,40,50,50,50,50,50,50,50,50,50,50,50,50,50,50,50,60,60,60,60,60,60,60,60,60,60,60,60,60,60,60,60,60,60,70
229,121,10,10,10,10,10,20,20,20,20,20,20,20,20,20,20,20,20,20,20,20,20,20,20,20,30,30,30,30,30,30,30,30,30,30,30,30,30,30,30,30,40,40,40,40,40,40,40,40,40,40,40,40,40,40,40,50,50,50,50,50,50,50,50,50,50,50,50,50,50,50,50,50,60,60,60,60,60,60,60,60,60,60,60,60,60,60,60,60,60,60,70
234,122,10,10,10,10,20,20,20,20,20,20,20,20,20,20,20,20,20,20,20,20,20,20,20,30,30,30,30,30,30,30,30,30,30,30,30,30,30,30,30,40,40,40,40,40,40,40,40,40,40,40,40,40,40,40,40,50,50,50,50,50,50,50,50,50,50,50,50,50,50,50,50,50,60,60,60,60,60,60,60,60,60,60,60,60,60,60,60,60,60,60,60
237,124,10,10,10,20,20,20,20,20,20,20,20,20,20,20,20,20,20,20,20,20,20,20,20,30,30,30,30,30,30,30,30,30,30,30,30,30,30,30,30,40,40,40,40,40,40,40,40,40,40,40,40,40,40,40,40,50,50,50,50,50,50,50,50,50,50,50,50,50,50,50,50,50,60,60,60,60,60,60,60,60,60,60,60,60,60,60,60,60,60,60,60
241,127,11,10,10,20,20,20,20,20,20,20,20,20,20,20,20,20,20,20,20,20,20,20,30,30,30,30,30,30,30,30,30,30,30,30,30,30,30,30,30,40,40,40,40,40,40,40,40,40,40,40,40,40,40,40,40,50,50,50,50,50,50,50,50,50,50,50,50,50,50,50,50,50,60,60,60,60,60,60,60,60,60,60,60,60,60,60,60,60,60,60,60
249,130,11,20,20,20,20,20,20,20,20,20,20,20,20,20,20,20,20,20,20,20,20,30,30,30,30,30,30,30,30,30,30,30,30,30,30,30,30,30,30,40,40,40,40,40,40,40,40,40,40,40,40,40,40,40,40,50,50,50,50,50,50,50,50,50,50,50,50,50,50,50,50,50,60,60,60,60,60,60,60,60,60,60,60,60,60,60,60,60,60,60,60
253,131,11,20,20,20,20,20,20,20,20,20,20,20,20,20,20,20,20,20,20,20,20,30,30,30,30,30,30,30,30,30,30,30,30,30,30,30,30,30,40,40,40,40,40,40,40,40,40,40,40,40,40,40,40,40,40,50,50,50,50,50,50,50,50,50,50,50,50,50,50,50,50,50,60,60,60,60,60,60,60,60,60,60,60,60,60,60,60,60,60,60,60
254,138,21,21,21,20,20,20,20,20,20,20,20,20,20,20,20,20,20,20,20,20,20,30,30,30,30,30,30,30,30,30,30,30,30,30,30,30,30,30,30,40,40,40,40,40,40,40,40,40,40,40,40,40,40,40,40,50,50,50,50,50,50,50,50,50,50,50,50,50,50,50,50,50,50,60,60,60,60,60,60,60,60,60,60,60,60,60,60,60,60,60,60
264,154,21,21,21,21,21,21,20,20,20,20,20,20,20,20,20,20,20,20,20,20,20,30,30,30,30,30,30,30,30,30,30,30,30,30,30,30,30,30,30,40,40,40,40,40,40,40,40,40,40,40,40,40,40,40,40,40,50,50,50,50,50,50,50,50,50,50,50,50,50,50,50,50,50,50,50,60,60,60,60,60,60,60,60,60,60,60,60,60,60,60,61
267,156,21,21,21,21,21,21,20,20,20,20,20,20,20,20,20,20,20,20,20,20,30,30,30,30,30,30,30,30,30,30,30,30,30,30,30,30,30,30,30,40,40,40,40,40,40,40,40,40,40,40,40,40,40,40,40,40,50,50,50,50,50,50,50,50,50,50,50,50,50,50,50,50,50,50,50,60,60,60,60,60,60,60,60,60,60,60,60,60,60,61,61
283,157,21,21,21,21,21,21,21,20,20,20,20,20,20,20,20,20,20,20,30,30,30,30,30,30,30,30,30,30,30,30,30,30,30,30,30,30,30,40,40,40,40,40,40,40,40,40,40,40,40,40,40,40,40,40,40,50,50,50,50,50,50,50,50,50,50,50,50,50,50,50,50,50,50,50,60,60,60,60,60,60,60,60,60,60,60,61,61,61,61,61,61
284,161,21,21,21,21,21,21,21,21,20,20,20,20,20,20,20,20,20,20,30,30,30,30,30,30,30,30,30,30,30,30,30,30,30,30,30,30,30,40,40,40,40,40,40,40,40,40,40,40,40,40,40,40,40,40,40,40,50,50,50,50,50,50,50,50,50,50,50,50,50,50,50,50,50,50,50,60,60,60,60,60,60,60,60,60,60,61,61,61,61,61,61
305,166,21,21,21,21,21,21,21,21,21,21,20,20,20,20,20,30,30,30,30,30,30,30,30,30,30,30,30,30,30,30,30,30,30,30,30,40,40,40,40,40,40,40,40,40,40,40,40,40,40,40,40,40,40,40,50,50,50,50,50,50,50,50,50,50,50,50,50,50,50,50,50,50,50,50,50,60,60,60,60,60,61,61,61,61,61,61,61,61,61,61,61
322,166,21,21,21,21,21,21,21,21,21,21,20,20,30,30,30,30,30,30,30,30,30,30,30,30,30,30,30,30,30,30,30,30,30,40,40,40,40,40,40,40,40,40,40,40,40,40,40,40,40,40,40,40,40,50,50,50,50,50,50,50,50,50,50,50,50,50,50,50,50,50,50,50,50,50,60,61,61,61,61,61,61,61,61,61,61,61,61,61,61,61,61
326,167,21,21,21,21,21,21,21,21,21,21,21,30,30,30,30,30,30,30,30,30,30,30,30,30,30,30,30,30,30,30,30,30,30,40,40,40,40,40,40,40,40,40,40,40,40,40,40,40,40,40,40,40,40,50,50,50,50,50,50,50,50,50,50,50,50,50,50,50,50,50,50,50,50,50,61,61,61,61,61,61,61,61,61,61,61,61,61,61,61,61,61
339,176,21,21,21,21,21,21,21,21,21,31,31,31,31,31,31,30,30,30,30,30,30,30,30,30,30,30,30,30,30,30,30,30,40,40,40,40,40,40,40,40,40,40,40,40,40,40,40,40,40,40,40,40,50,50,50,50,50,50,50,50,50,50,50,50,50,50,50,50,50,51,51,51,51,51,51,61,61,61,61,61,61,61,61,61,61,61,61,61,61,61,61
345,180,21,21,21,21,21,21,21,21,31,31,31,31,31,31,31,31,31,30,30,30,30,30,30,30,30,30,30,30,30,30,30,40,40,40,40,40,40,40,40,40,40,40,40,40,40,40,40,40,40,40,40,40,50,50,50,50,50,50,50,50,50,50,50,50,50,50,51,51,51,51,51,51,51,51,51,61,61,61,61,61,61,61,61,61,61,61,61,61,61,61,61
347,187,21,21,21,21,21,21,21,21,31,31,31,31,31,31,31,31,31,31,31,31,30,30,30,30,30,30,30,30,30,30,30,40,40,40,40,40,40,40,40,40,40,40,40,40,40,40,40,40,40,40,40,40,40,50,50,50,50,50,50,50,50,50,50,50,51,51,51,51,51,51,51,51,51,51,51,51,51,61,61,61,61,61,61,61,61,61,61,61,61,61,61
354,189,21,21,21,21,21,21,31,31,31,31,31,31,31,31,31,31,31,31,31,31,31,31,30,30,30,30,30,30,30,30,40,40,40,40,40,40,40,40,40,40,40,40,40,40,40,40,40,40,40,40,40,40,40,50,50,50,50,50,50,50,50,51,51,51,51,51,51,51,51,51,51,51,51,51,51,51,51,61,61,61,61,61,61,61,61,61,61,61,61,61,61
357,190,21,21,21,21,21,21,31,31,31,31,31,31,31,31,31,31,31,31,31,31,31,31,31,30,30,30,30,30,30,30,40,40,40,40,40,40,40,40,40,40,40,40,40,40,40,40,40,40,40,40,40,40,50,50,50,50,50,50,50,51,51,51,51,51,51,51,51,51,51,51,51,51,51,51,51,51,51,61,61,61,61,61,61,61,61,61,61,61,61,61,61
375,191,21,21,31,31,31,31,31,31,31,31,31,31,31,31,31,31,31,31,31,31,31,31,31,31,31,31,31,41,41,41,40,40,40,40,40,40,40,40,40,40,40,40,40,40,40,40,40,40,41,41,51,51,51,51,51,51,51,51,51,51,51,51,51,51,51,51,51,51,51,51,51,51,51,51,51,51,61,61,61,61,61,61,61,61,61,61,61,61,61,61,61
382,192,31,31,31,31,31,31,31,31,31,31,31,31,31,31,31,31,31,31,31,31,31,31,31,31,31,31,41,41,41,41,41,41,41,41,41,41,41,41,41,41,41,41,41,41,41,41,41,41,41,41,51,51,51,51,51,51,51,51,51,51,51,51,51,51,51,51,51,51,51,51,51,51,51,51,51,51,61,61,61,61,61,61,61,61,61,61,61,61,61,61,61
396,194,31,31,31,31,31,31,31,31,31,31,31,31,31,31,31,31,31,31,31,31,31,31,31,31,41,41,41,41,41,41,41,41,41,41,41,41,41,41,41,41,41,41,41,41,41,41,41,41,51,51,51,51,51,51,51,51,51,51,51,51,51,51,51,51,51,51,51,51,51,51,51,51,51,51,51,61,61,61,61,61,61,61,61,61,61,61,61,61,62,62,62
401,198,31,31,31,31,31,31,31,31,31,31,31,31,31,31,31,31,31,31,31,31,31,31,31,41,41,41,41,41,41,41,41,41,41,41,41,41,41,41,41,41,41,41,41,41,41,41,41,41,51,51,51,51,51,51,51,51,51,51,51,51,51,51,51,51,51,51,51,51,51,51,51,51,51,51,51,51,61,61,61,61,61,61,61,61,61,61,61,62,62,62,62
413,198,31,31,31,31,31,31,31,31,31,31,31,31,31,31,31,31,31,31,31,31,31,41,41,41,41,41,41,41,41,41,41,41,41,41,41,41,41,41,41,41,41,41,41,41,41,41,41,51,51,51,51,51,51,51,51,51,51,51,51,51,51,51,51,51,51,51,51,51,51,51,51,51,51,51,51,61,61,61,61,61,61,61,61,61,62,62,62,62,62,62,62
419,199,31,31,31,31,31,31,31,31,31,31,31,31,31,31,31,31,31,31,31,31,41,41,41,41,41,41,41,41,41,41,41,41,41,41,41,41,41,41,41,41,41,41,41,41,41,41,51,51,51,51,51,51,51,51,51,51,51,51,51,51,51,51,51,51,51,51,51,51,51,51,51,51,51,51,51,61,61,61,61,61,61,61,62,62,62,62,62,62,62,62,62
431,199,31,31,31,31,31,31,31,31,31,31,31,31,31,31,31,31,31,31,41,41,41,41,41,41,41,41,41,41,41,41,41,41,41,41,41,41,41,41,41,41,41,41,41,41,51,51,51,51,51,51,51,51,51,51,51,51,51,51,51,51,51,51,51,51,51,51,51,51,51,51,51,51,51,51,61,61,61,61,61,62,62,62,62,62,62,62,62,62,62,62,62
432,202,31,31,31,31,31,31,31,31,31,31,31,31,31,31,31,31,31,31,41,41,41,41,41,41,41,41,41,41,41,41,41,41,41,41,41,41,41,41,41,41,41,41,41,41,51,51,51,51,51,51,51,51,51,51,51,51,51,51,51,51,51,51,51,51,51,51,51,51,51,51,51,51,51,51,51,61,61,61,61,62,62,62,62,62,62,62,62,62,62,62,62
449,223,31,31,31,31,31,31,31,31,31,31,31,31,31,31,31,41,41,41,41,41,41,41,41,41,41,41,41,41,41,41,41,41,41,41,41,41,41,41,41,41,41,41,41,41,41,51,51,51,51,51,51,51,51,51,51,51,51,51,51,51,51,51,51,51,51,51,51,51,51,51,51,51,52,52,52,52,52,52,52,52,62,62,62,62,62,62,62,62,62,62,62
453,229,31,31,31,31,31,31,31,31,31,31,31,31,31,31,31,41,41,41,41,41,41,41,41,41,41,41,41,41,41,41,41,41,41,41,41,41,41,41,41,41,41,41,41,41,41,51,51,51,51,51,51,51,51,51,51,51,51,51,51,51,51,51,51,51,51,51,51,51,51,51,52,52,52,52,52,52,52,52,52,52,52,52,62,62,62,62,62,62,62,62,62
491,236,31,31,31,31,31,41,41,41,41,41,41,41,41,41,41,41,41,41,41,41,41,41,41,41,41,41,41,41,41,41,41,41,41,41,41,41,41,41,41,51,51,51,51,51,51,51,51,51,51,51,51,51,51,51,52,52,52,52,52,52,52,52,52,52,52,52,52,52,52,52,52,52,52,52,52,52,52,52,52,52,52,52,52,62,62,62,62,62,62,62,62
495,250,31,31,31,31,41,41,41,41,41,41,41,41,41,41,41,41,41,41,41,41,41,41,41,41,41,41,41,41,41,41,41,41,41,41,41,41,41,41,41,41,41,51,51,51,51,51,51,52,52,52,52,52,52,52,52,52,52,52,52,52,52,52,52,52,52,52,52,52,52,52,52,52,52,52,52,52,52,52,52,52,52,52,52,52,52,52,52,52,52,52,52
496,279,32,32,32,32,32,42,42,42,42,42,42,42,42,42,42,42,42,42,42,42,42,42,42,42,42,42,42,42,42,42,42,42,42,42,42,42,42,42,42,42,42,42,42,42,42,42,42,52,52,52,52,52,52,52,52,52,52,52,52,52,52,52,52,52,52,52,52,52,52,52,52,52,52,52,52,52,52,52,52,52,52,52,52,52,52,52,52,52,52,52,52
523,284,42,42,42,42,42,42,42,42,42,42,42,42,42,42,42,42,42,42,42,42,42,42,42,42,42,42,42,42,42,42,42,42,42,42,42,42,42,42,42,42,42,52,52,52,52,52,52,52,52,52,52,52,52,52,52,52,52,52,52,52,52,52,52,52,52,52,52,52,52,52,52,52,52,52,52,52,52,52,52,52,52,52,52,52,52,52,52,53,53,53,53
533,297,42,42,42,42,42,42,42,42,42,42,42,42,42,42,42,42,42,42,42,42,42,42,42,42,42,42,42,42,42,42,42,42,42,42,42,42,42,42,42,42,42,52,52,52,52,52,52,52,52,52,52,52,52,52,52,52,52,52,52,52,52,52,52,52,52,52,52,52,52,52,52,52,52,52,52,52,52,52,52,52,52,52,53,53,53,53,53,53,53,53,53
539,298,42,42,42,42,42,42,42,42,42,42,42,42,42,42,42,42,42,42,42,42,42,42,42,42,42,42,42,42,42,42,42,42,42,42,42,42,42,42,42,52,52,52,52,52,52,52,52,52,52,52,52,52,52,52,52,52,52,52,52,52,52,52,52,52,52,52,52,52,52,52,52,52,52,52,52,52,52,52,52,52,53,53,53,53,53,53,53,53,53,53,53
566,300,42,42,42,42,42,42,42,42,42,42,42,42,42,42,42,42,42,42,42,42,42,42,42,42,42,42,42,42,42,42,52,52,52,52,52,52,52,52,52,52,52,52,52,52,52,52,52,52,52,52,52,52,52,52,52,52,52,52,52,52,52,52,52,52,52,52,52,52,53,53,53,53,53,53,53,53,53,53,53,53,53,53,53,53,53,53,53,53,53,53,53
573,301,42,42,42,42,42,42,42,42,42,42,42,42,42,42,42,42,42,42,42,42,42,42,42,42,42,42,42,52,52,52,52,52,52,52,52,52,52,52,52,52,52,52,52,52,52,52,52,52,52,52,52,52,52,52,52,52,52,52,52,52,52,52,52,52,52,53,53,53,53,53,53,53,53,53,53,53,53,53,53,53,53,53,53,53,53,53,53,53,53,53,53
587,308,42,42,42,42,42,42,42,42,42,42,42,42,42,42,42,42,42,42,42,42,42,42,52,52,52,52,52,52,52,52,52,52,52,52,52,52,52,52,52,52,52,52,52,52,52,52,52,52,52,52,52,52,52,52,52,52,52,53,53,53,53,53,53,53,53,53,53,53,53,53,53,53,53,53,53,53,53,53,53,53,53,53,53,53,53,53,53,53,53,53,53
589,308,42,42,42,42,42,42,42,42,42,42,42,42,42,42,42,42,42,42,42,42,42,52,52,52,52,52,52,52,52,52,52,52,52,52,52,52,52,52,52,52,52,52,52,52,52,52,52,52,52,52,52,52,52,52,52,52,52,53,53,53,53,53,53,53,53,53,53,53,53,53,53,53,53,53,53,53,53,53,53,53,53,53,53,53,53,53,53,53,53,53,53
593,321,42,42,42,42,42,42,42,42,42,42,42,42,42,42,42,42,42,42,42,42,42,42,52,52,52,52,52,52,52,52,52,52,52,52,52,52,52,52,52,52,52,52,52,52,52,52,52,52,52,52,52,53,53,53,53,53,53,53,53,53,53,53,53,53,53,53,53,53,53,53,53,53,53,53,53,53,53,53,53,53,53,53,53,53,53,53,53,53,53,53,53
613,326,42,42,42,42,42,42,42,42,42,42,42,42,52,52,52,52,52,52,52,52,52,52,52,52,52,52,52,52,52,52,52,52,52,52,52,52,52,52,52,52,52,53,53,53,53,53,53,53,53,53,53,53,53,53,53,53,53,53,53,53,53,53,53,53,53,53,53,53,53,53,53,53,53,53,53,53,53,53,53,53,53,53,53,53,53,53,53,53,53,53,53
618,333,42,42,42,42,42,42,42,42,42,42,52,52,52,52,52,52,52,52,52,52,52,52,52,52,52,52,52,52,52,52,52,52,52,52,52,52,53,53,53,53,53,53,53,53,53,53,53,53,53,53,53,53,53,53,53,53,53,53,53,53,53,53,53,53,53,53,53,53,53,53,53,53,53,53,53,53,53,53,53,53,53,53,53,53,53,53,53,53,53,53,53
628,339,42,42,42,42,52,52,52,52,52,52,52,52,52,52,52,52,52,52,52,52,52,52,52,52,52,52,52,52,52,52,53,53,53,53,53,53,53,53,53,53,53,53,53,53,53,53,53,53,53,53,53,53,53,53,53,53,53,53,53,53,53,53,53,53,53,53,53,53,53,53,53,53,53,53,53,53,53,53,53,53,53,53,53,53,53,53,53,53,53,53,53
630,344,42,42,42,52,52,52,52,52,52,52,52,52,52,52,52,52,52,52,52,52,52,52,52,52,52,52,52,53,53,53,53,53,53,53,53,53,53,53,53,53,53,53,53,53,53,53,53,53,53,53,53,53,53,53,53,53,53,53,53,53,53,53,53,53,53,53,53,53,53,53,53,53,53,53,53,53,53,53,53,53,53,53,53,53,53,53,53,53,53,53,53
639,346,52,52,52,52,52,52,52,52,52,52,52,52,52,52,52,52,52,52,52,52,52,52,52,52,53,53,53,53,53,53,53,53,53,53,53,53,53,53,53,53,53,53,53,53,53,53,53,53,53,53,53,53,53,53,53,53,53,53,53,53,53,53,53,53,53,53,53,53,53,53,53,53,53,53,53,53,53,53,53,53,53,53,53,53,53,53,53,53,53,53,53
641,349,52,52,52,52,52,52,52,52,52,52,52,52,52,52,52,52,52,52,52,52,52,52,53,53,53,53,53,53,53,53,53,53,53,53,53,53,53,53,53,53,53,53,53,53,53,53,53,53,53,53,53,53,53,53,53,53,53,53,53,53,53,53,53,53,53,53,53,53,53,53,53,53,53,53,53,53,53,53,53,53,53,53,53,53,53,53,53,53,53,53,54
647,367,52,52,52,52,52,52,52,52,52,52,53,53,53,53,53,53,53,53,53,53,53,53,53,53,53,53,53,53,53,53,53,53,53,53,53,53,53,53,53,53,53,53,53,53,53,53,53,53,53,53,53,53,53,53,53,53,53,53,53,53,53,53,53,53,53,53,53,53,53,53,53,53,53,53,53,53,53,53,53,53,53,53,53,53,53,54,54,54,54,54,54
648,367,52,52,52,52,52,52,52,52,52,52,53,53,53,53,53,53,53,53,53,53,53,53,53,53,53,53,53,53,53,53,53,53,53,53,53,53,53,53,53,53,53,53,53,53,53,53,53,53,53,53,53,53,53,53,53,53,53,53,53,53,53,53,53,53,53,53,53,53,53,53,53,53,53,53,53,53,53,53,53,53,53,53,53,53,54,54,54,54,54,54,54
651,393,53,53,53,53,53,53,53,53,53,53,53,53,53,53,53,53,53,53,53,53,53,53,53,53,53,53,53,53,53,53,53,53,53,53,53,53,53,53,53,53,53,53,53,53,53,53,53,53,53,53,53,53,53,53,53,53,53,53,53,53,53,53,53,53,53,53,53,53,53,53,53,53,53,53,53,53,53,43,43,44,44,44,44,44,44,44,44,44,44,44,44
654,398,53,53,53,53,53,53,53,53,53,53,53,53,53,53,53,53,53,53,53,53,53,53,53,53,53,53,53,53,53,53,53,53,53,53,53,53,53,53,53,53,53,53,53,53,53,53,53,53,53,53,53,53,53,53,53,53,53,53,53,53,53,53,53,53,53,53,53,53,53,53,53,53,53,43,43,44,44,44,44,44,44,44,44,44,44,44,44,44,44,44,44
655,411,53,53,53,53,53,53,53,53,53,53,53,53,53,53,53,53,53,53,53,53,53,53,53,53,53,53,53,53,53,53,53,53,53,53,53,53,53,53,53,53,53,53,53,53,53,53,53,53,53,53,53,53,53,53,53,53,53,53,53,53,53,53,53,43,43,43,43,43,43,43,44,44,44,44,44,44,44,44,44,44,44,44,44,44,44,44,44,44,44,44,44
677,416,53,53,53,53,53,53,53,53,53,53,53,53,53,53,53,53,53,53,53,53,53,53,53,53,53,53,53,53,53,53,53,53,53,53,53,53,53,53,53,53,53,53,53,53,53,53,53,53,53,53,53,53,54,54,54,54,54,54,54,54,54,54,54,54,54,54,54,44,44,44,44,44,44,44,44,44,44,44,44,44,44,44,44,44,44,44,44,44,44,44,44
699,417,53,53,53,53,53,53,53,53,53,53,53,53,53,53,53,53,53,53,53,53,53,53,53,53,53,53,53,53,53,53,53,53,53,53,53,53,53,53,53,53,53,53,54,54,54,54,54,54,54,54,54,54,54,54,54,54,54,54,54,54,54,54,54,54,54,54,54,54,54,54,54,44,44,44,44,44,44,44,44,44,44,44,44,44,44,44,44,44,44,44,44
701,417,53,53,53,53,53,53,53,53,53,53,53,53,53,53,53,53,53,53,53,53,53,53,53,53,53,53,53,53,53,53,53,53,53,53,53,53,53,53,53,53,53,54,54,54,54,54,54,54,54,54,54,54,54,54,54,54,54,54,54,54,54,54,54,54,54,54,54,54,54,54,54,44,44,44,44,44,44,44,44,44,44,44,44,44,44,44,44,44,44,44,44
701,418,53,53,53,53,53,53,53,53,53,53,53,53,53,53,53,53,53,53,53,53,53,53,53,53,53,53,53,53,53,53,53,53,53,53,53,53,53,53,53,53,53,54,54,54,54,54,54,54,54,54,54,54,54,54,54,54,54,54,54,54,54,54,54,54,54,54,54,54,54,54,54,44,44,44,44,44,44,44,44,44,44,44,44,44,44,44,44,44,44,44,44
703,419,53,53,53,53,53,53,53,53,53,53,53,53,53,53,53,53,53,53,53,53,53,53,53,53,53,53,53,53,53,53,53,53,53,53,53,53,53,53,53,53,54,54,54,54,54,54,54,54,54,54,54,54,54,54,54,54,54,54,54,54,54,54,54,54,54,54,54,54,54,54,44,44,44,44,44,44,44,44,44,44,44,44,44,44,44,44,44,44,44,44,44
711,432,53,53,53,53,53,53,53,53,53,53,53,53,53,53,53,53,53,53,53,53,53,53,53,53,53,53,53,53,53,53,53,53,53,54,54,54,54,54,54,54,54,54,54,54,54,54,54,54,54,54,54,54,54,54,54,54,54,54,54,54,54,54,54,54,54,54,44,44,44,44,44,44,44,44,44,44,44,44,44,44,44,44,44,44,44,44,44,44,44,44,44
715,447,53,53,53,53,53,53,53,53,53,53,53,53,53,53,53,53,53,53,53,53,53,53,53,53,53,53,54,54,54,54,54,54,54,54,54,54,54,54,54,54,54,54,54,54,54,54,54,54,54,54,54,54,54,54,54,54,54,54,54,54,54,44,44,44,44,44,44,44,44,44,44,44,44,44,44,44,44,44,44,44,44,44,44,44,44,44,44,44,44,44,44
717,448,53,53,53,53,53,53,53,53,53,53,53,53,53,53,53,53,53,53,53,53,53,53,53,53,53,54,54,54,54,54,54,54,54,54,54,54,54,54,54,54,54,54,54,54,54,54,54,54,54,54,54,54,54,54,54,54,54,54,54,54,54,44,44,44,44,44,44,44,44,44,44,44,44,44,44,44,44,44,44,44,44,44,44,44,44,44,44,44,44,44,44
727,453,53,53,53,53,53,53,53,53,53,53,53,53,53,53,53,53,53,53,53,53,53,54,54,54,54,54,54,54,54,54,54,54,54,54,54,54,54,54,54,54,54,54,54,54,54,54,54,54,54,54,54,54,54,54,54,54,54,54,54,54,54,44,44,44,44,44,44,44,44,44,44,44,44,44,44,44,44,44,44,44,44,44,44,44,44,44,44,44,44,44,44
735,457,53,53,53,53,53,53,53,53,53,53,53,53,53,53,53,53,53,53,53,54,54,54,54,54,54,54,54,54,54,54,54,54,54,54,54,54,54,54,54,54,54,54,54,54,54,54,54,54,54,54,54,54,54,54,54,54,54,54,54,54,54,44,44,44,44,44,44,44,44,44,44,44,44,44,44,44,44,44,44,44,44,44,44,44,44,44,44,44,44,44,44
736,458,53,53,53,53,53,53,53,53,53,53,53,53,53,53,53,53,53,53,54,54,54,54,54,54,54,54,54,54,54,54,54,54,54,54,54,54,54,54,54,54,54,54,54,54,54,54,54,54,54,54,54,54,54,54,54,54,54,54,54,54,54,44,44,44,44,44,44,44,44,44,44,44,44,44,44,44,44,44,44,44,44,44,44,44,44,44,44,44,44,44,44
738,466,53,53,53,53,53,53,53,53,53,53,53,53,53,53,53,54,54,54,54,54,54,54,54,54,54,54,54,54,54,54,54,54,54,54,54,54,54,54,54,54,54,54,54,54,54,54,54,54,54,54,54,54,54,54,54,54,54,54,54,44,44,44,44,44,44,44,44,44,44,44,44,44,44,44,44,44,44,44,44,44,44,44,44,44,44,44,44,44,44,44,44
742,466,53,53,53,53,53,53,53,53,53,53,53,53,53,53,53,54,54,54,54,54,54,54,54,54,54,54,54,54,54,54,54,54,54,54,54,54,54,54,54,54,54,54,54,54,54,54,54,54,54,54,54,54,54,54,54,54,54,54,54,54,44,44,44,44,44,44,44,44,44,44,44,44,44,44,44,44,44,44,44,44,44,44,44,44,44,44,44,44,44,44,44
745,472,53,53,53,53,53,53,53,53,53,53,53,53,53,54,54,54,54,54,54,54,54,54,54,54,54,54,54,54,54,54,54,54,54,54,54,54,54,54,54,54,54,54,54,54,54,54,54,54,54,54,54,54,54,54,54,54,54,54,54,44,44,44,44,44,44,44,44,44,44,44,44,44,44,44,44,44,44,44,44,44,44,44,44,44,44,44,44,44,44,44,44
747,475,53,53,53,53,53,53,53,53,53,53,53,54,54,54,54,54,54,54,54,54,54,54,54,54,54,54,54,54,54,54,54,54,54,54,54,54,54,54,54,54,54,54,54,54,54,54,54,54,54,54,54,54,54,54,54,54,54,54,44,44,44,44,44,44,44,44,44,44,44,44,44,44,44,44,44,44,44,44,44,44,44,44,44,44,44,44,44,44,44,44,44
758,476,53,53,53,53,53,53,53,53,53,53,54,54,54,54,54,54,54,54,54,54,54,54,54,54,54,54,54,54,54,54,54,54,54,54,54,54,54,54,54,54,54,54,54,54,54,54,54,54,54,54,54,54,54,54,54,54,54,54,54,54,44,44,44,44,44,44,44,44,44,44,44,44,44,44,44,44,44,44,44,44,44,44,44,44,44,44,44,44,44,44,44
770,481,63,63,63,63,63,63,63,63,64,54,54,54,54,54,54,54,54,54,54,54,54,54,54,54,54,54,54,54,54,54,54,54,54,54,54,54,54,54,54,54,54,54,54,54,54,54,54,54,54,54,54,54,54,54,54,54,54,54,54,54,44,44,44,45,45,45,45,45,45,45,45,45,45,45,45,45,45,45,45,45,45,45,45,45,45,45,45,45,45,45,45
773,484,63,63,63,63,63,63,63,64,64,64,64,54,54,54,54,54,54,54,54,54,54,54,54,54,54,54,54,54,54,54,54,54,54,54,54,54,54,54,54,54,54,54,54,54,54,54,54,54,54,54,54,54,54,54,54,54,54,54,54,55,45,45,45,45,45,45,45,45,45,45,45,45,45,45,45,45,45,45,45,45,45,45,45,45,45,45,45,45,45,45,45
785,486,63,63,63,63,63,63,64,64,64,64,64,64,64,64,64,64,64,64,54,54,54,54,54,54,54,54,54,54,54,54,54,54,54,54,54,54,54,54,54,54,54,54,54,54,54,54,54,54,54,54,54,55,55,55,55,55,55,55,55,55,55,45,45,45,45,45,45,45,45,45,45,45,45,45,45,45,45,45,45,45,45,45,45,45,45,45,45,45,45,45,45
787,495,63,63,63,63,64,64,64,64,64,64,64,64,64,64,64,64,64,54,54,54,54,54,54,54,54,54,54,54,54,54,54,54,54,54,54,54,54,54,54,54,54,54,54,54,54,54,54,55,55,55,55,55,55,55,55,55,55,55,55,45,45,45,45,45,45,45,45,45,45,45,45,45,45,45,45,45,45,45,45,45,45,45,45,45,45,45,45,45,45,45,45
803,497,63,63,63,64,64,64,64,64,64,64,64,64,64,64,64,64,64,64,64,64,64,64,64,64,54,54,54,54,54,54,54,54,54,54,54,54,54,54,54,54,54,55,55,55,55,55,55,55,55,55,55,55,55,55,55,55,55,55,55,55,55,45,45,45,45,45,45,45,45,45,45,45,45,45,45,45,45,45,45,45,45,45,45,45,45,45,45,45,45,45,45
820,504,63,64,64,64,64,64,64,64,64,64,64,64,64,64,64,64,64,64,64,64,64,64,64,64,64,64,64,64,54,54,54,54,54,54,54,55,55,55,55,55,55,55,55,55,55,55,55,55,55,55,55,55,55,55,55,55,55,55,55,55,55,45,45,45,45,45,45,45,45,45,45,45,45,45,45,45,45,45,45,45,45,45,45,45,45,45,45,45,45,45,35
825,518,64,64,64,64,64,64,64,64,64,64,64,64,64,64,64,64,64,64,64,64,64,64,64,64,64,64,64,54,54,54,54,55,55,55,55,55,55,55,55,55,55,55,55,55,55,55,55,55,55,55,55,55,55,55,55,55,55,55,55,45,45,45,45,45,45,45,45,45,45,45,45,45,45,45,45,45,45,45,45,45,45,45,45,45,45,45,45,35,35,35,35
836,521,64,64,64,64,64,64,64,64,64,64,64,64,64,64,64,64,64,64,64,64,64,64,64,64,64,64,64,64,65,65,55,55,55,55,55,55,55,55,55,55,55,55,55,55,55,55,55,55,55,55,55,55,55,55,55,55,55,55,55,55,45,45,45,45,45,45,45,45,45,45,45,45,45,45,45,45,45,45,45,45,45,45,45,45,45,45,35,35,35,35,35
838,533,64,64,64,64,64,64,64,64,64,64,64,64,64,64,64,64,64,64,64,64,64,64,64,64,64,65,65,65,65,55,55,55,55,55,55,55,55,55,55,55,55,55,55,55,55,55,55,55,55,55,55,55,55,55,55,55,55,55,45,45,45,45,45,45,45,45,45,45,45,45,45,45,45,45,45,45,45,45,45,45,45,45,45,45,35,35,35,35,35,35,35
841,537,64,64,64,64,64,64,64,64,64,64,64,64,64,64,64,64,64,64,64,64,64,64,64,65,65,65,65,65,65,55,55,55,55,55,55,55,55,55,55,55,55,55,55,55,55,55,55,55,55,55,55,55,55,55,55,55,55,55,45,45,45,45,45,45,45,45,45,45,45,45,45,45,45,45,45,45,45,45,45,45,45,45,45,35,35,35,35,35,35,35,35
841,539,64,64,64,64,64,64,64,64,64,64,64,64,64,64,64,64,64,64,64,64,64,64,64,65,65,65,65,65,65,55,55,55,55,55,55,55,55,55,55,55,55,55,55,55,55,55,55,55,55,55,55,55,55,55,55,55,55,45,45,45,45,45,45,45,45,45,45,45,45,45,45,45,45,45,45,45,45,45,45,45,45,45,45,35,35,35,35,35,35,35,35
842,540,64,64,64,64,64,64,64,64,64,64,64,64,64,64,64,64,64,64,64,64,64,64,64,65,65,65,65,65,65,55,55,55,55,55,55,55,55,55,55,55,55,55,55,55,55,55,55,55,55,55,55,55,55,55,55,55,55,45,45,45,45,45,45,45,45,45,45,45,45,45,45,45,45,45,45,45,45,45,45,45,45,45,45,35,35,35,35,35,35,35,35
848,541,64,64,64,64,64,64,64,64,64,64,64,64,64,64,64,64,64,64,64,64,64,64,65,65,65,65,65,65,65,65,55,55,55,55,55,55,55,55,55,55,55,55,55,55,55,55,55,55,55,55,55,55,55,55,55,55,55,55,45,45,45,45,45,45,45,45,45,45,45,45,45,45,45,45,45,45,45,45,45,45,45,45,45,35,35,35,35,35,35,35,35
849,544,64,64,64,64,64,64,64,64,64,64,64,64,64,64,64,64,64,64,64,64,64,65,65,65,65,65,65,65,65,65,55,55,55,55,55,55,55,55,55,55,55,55,55,55,55,55,55,55,55,55,55,55,55,55,55,55,55,45,45,45,45,45,45,45,45,45,45,45,45,45,45,45,45,45,45,45,45,45,45,45,45,45,35,35,35,35,35,35,35,35,35
853,547,64,64,64,64,64,64,64,64,64,64,64,64,64,64,64,64,64,64,64,64,65,65,65,65,65,65,65,65,65,65,55,55,55,55,55,55,55,55,55,55,55,55,55,55,55,55,55,55,55,55,55,55,55,55,55,55,55,45,45,45,45,45,45,45,45,45,45,45,45,45,45,45,45,45,45,45,45,45,45,45,45,45,35,35,35,35,35,35,35,35,35
862,563,64,64,64,64,64,64,64,64,64,64,64,64,64,64,64,64,65,65,65,65,65,65,65,65,65,65,65,65,65,65,55,55,55,55,55,55,55,55,55,55,55,55,55,55,55,55,55,55,55,55,55,55,55,55,55,55,45,45,45,45,45,45,45,45,45,45,45,45,45,45,45,45,45,45,45,45,45,45,45,35,35,35,35,35,35,35,35,35,35,35,35
864,564,64,64,64,64,64,64,64,64,64,64,64,64,64,64,64,65,65,65,65,65,65,65,65,65,65,65,65,65,65,65,65,55,55,55,55,55,55,55,55,55,55,55,55,55,55,55,55,55,55,55,55,55,55,55,55,55,45,45,45,45,45,45,45,45,45,45,45,45,45,45,45,45,45,45,45,45,45,45,45,35,35,35,35,35,35,35,35,35,35,35,35
870,564,64,64,64,64,64,64,64,64,64,64,64,64,64,64,64,65,65,65,65,65,65,65,65,65,65,65,65,65,65,65,65,65,55,55,55,55,55,55,55,55,55,55,55,55,55,55,55,55,55,55,55,55,55,55,55,55,45,45,45,45,45,45,46,46,46,46,46,46,46,46,46,46,46,45,45,45,45,45,45,35,35,35,35,35,35,35,35,35,35,35,35
871,569,64,64,64,64,64,64,64,64,64,64,64,64,64,64,65,65,65,65,65,65,65,65,65,65,65,65,65,65,65,65,65,55,55,55,55,55,55,55,55,55,55,55,55,55,55,55,55,55,55,55,55,55,55,55,55,55,45,45,46,46,46,46,46,46,46,46,46,46,46,46,46,46,46,46,46,46,45,45,35,35,35,35,35,35,35,35,35,35,35,35,35
871,574,64,64,64,64,64,64,64,64,64,64,64,64,64,65,65,65,65,65,65,65,65,65,65,65,65,65,65,65,65,65,65,55,55,55,55,55,55,55,55,55,55,55,55,55,55,55,55,55,55,55,55,55,55,55,55,46,46,46,46,46,46,46,46,46,46,46,46,46,46,46,46,46,46,46,46,46,46,35,35,35,35,35,35,35,35,35,35,35,35,35,35
872,581,64,64,64,64,64,64,64,64,64,64,64,65,65,65,65,65,65,65,65,65,65,65,65,65,65,65,65,65,65,65,55,55,55,55,55,55,55,55,55,55,55,55,55,55,55,55,55,55,55,55,55,56,56,56,46,46,46,46,46,46,46,46,46,46,46,46,46,46,46,46,46,46,46,46,46,46,46,46,46,35,35,35,35,35,35,35,35,35,35,35,35
872,584,64,64,64,64,64,64,64,64,64,64,64,65,65,65,65,65,65,65,65,65,65,65,65,65,65,65,65,65,65,65,55,55,55,55,55,55,55,55,55,55,55,55,55,55,55,55,55,55,55,55,56,56,56,56,46,46,46,46,46,46,46,46,46,46,46,46,46,46,46,46,46,46,46,46,46,46,46,46,46,46,35,35,35,35,35,35,35,35,35,35,35
884,593,64,64,64,64,64,64,64,64,65,65,65,65,65,65,65,65,65,65,65,65,65,65,65,65,65,65,65,65,65,65,65,55,55,55,55,55,55,55,55,55,55,55,56,56,56,56,56,56,56,56,56,56,56,56,46,46,46,46,46,46,46,46,46,46,46,46,46,46,46,46,46,46,46,46,46,46,46,46,46,46,46,46,46,46,46,46,46,35,35,35,35
886,595,64,64,64,64,64,64,64,64,65,65,65,65,65,65,65,65,65,65,65,65,65,65,65,65,65,65,65,65,65,65,65,55,55,55,55,55,55,55,55,55,55,56,56,56,56,56,56,56,56,56,56,56,56,56,46,46,46,46,46,46,46,46,46,46,46,46,46,46,46,46,46,46,46,46,46,46,46,46,46,46,46,46,46,46,46,46,46,35,35,35,35
890,604,74,64,64,64,64,64,65,65,65,65,65,65,65,65,65,65,65,65,65,65,65,65,65,65,65,65,65,65,65,65,65,55,55,55,55,55,55,56,56,56,56,56,56,56,56,56,56,56,56,56,56,56,56,46,46,46,46,46,46,46,46,46,46,46,46,46,46,46,46,46,46,46,46,46,46,46,46,46,46,46,46,46,46,46,46,46,46,46,46,35,35
895,604,74,74,74,64,64,64,65,65,65,65,65,65,65,65,65,65,65,65,65,65,65,65,65,65,65,65,65,65,65,65,65,65,55,55,55,55,56,56,56,56,56,56,56,56,56,56,56,56,56,56,56,56,56,46,46,46,46,46,46,46,46,46,46,46,46,46,46,46,46,46,46,46,46,46,46,46,46,46,46,46,46,46,46,46,46,46,46,46,46,46,46
896,609,74,74,74,64,64,65,65,65,65,65,65,65,65,65,65,65,65,65,65,65,65,65,65,65,65,65,65,65,65,65,65,65,55,55,56,56,56,56,56,56,56,56,56,56,56,56,56,56,56,56,56,56,56,46,46,46,46,46,46,46,46,46,46,46,46,46,46,46,46,46,46,46,46,46,46,46,46,46,46,46,46,46,46,46,46,46,46,46,46,46,46
896,610,74,74,74,64,64,65,65,65,65,65,65,65,65,65,65,65,65,65,65,65,65,65,65,65,65,65,65,65,65,65,65,55,55,55,56,56,56,56,56,56,56,56,56,56,56,56,56,56,56,56,56,56,56,46,46,46,46,46,46,46,46,46,46,46,46,46,46,46,46,46,46,46,46,46,46,46,46,46,46,46,46,46,46,46,46,46,46,46,46,46,46
901,612,74,74,74,74,65,65,65,65,65,65,65,65,65,65,65,65,65,65,65,65,65,65,65,65,65,65,65,65,65,65,65,65,55,56,56,56,56,56,56,56,56,56,56,56,56,56,56,56,56,56,56,56,56,46,46,46,46,46,46,46,46,46,46,46,46,46,46,46,46,46,46,46,46,46,46,46,46,46,46,46,46,46,46,46,46,46,46,46,46,46,46
912,614,74,74,74,74,75,75,75,65,65,65,65,65,65,65,65,65,65,65,65,65,65,65,65,65,65,65,65,65,65,65,65,66,66,56,56,56,56,56,56,56,56,56,56,56,56,56,56,56,56,56,56,56,56,56,46,46,46,46,46,46,46,46,46,46,46,46,46,46,46,46,46,46,46,46,46,46,46,46,46,46,46,46,46,46,46,46,46,46,46,46,46
917,621,74,74,74,75,75,75,75,75,65,65,65,65,65,65,65,65,65,65,65,65,65,65,65,65,65,65,65,65,66,66,66,66,66,66,56,56,56,56,56,56,56,56,56,56,56,56,56,56,56,56,56,56,56,46,46,46,46,46,46,46,46,46,46,46,46,46,46,46,46,46,46,46,46,46,46,46,46,46,46,46,46,46,46,46,46,46,46,46,46,46,46
928,626,74,74,75,75,75,75,75,75,75,75,75,65,65,65,65,65,65,65,65,65,65,65,65,65,65,65,66,66,66,66,66,66,66,66,66,56,56,56,56,56,56,56,56,56,56,56,56,56,56,56,56,56,56,56,46,46,46,46,46,46,46,46,46,46,46,46,46,46,46,46,46,46,46,46,46,46,46,46,46,46,46,46,46,46,46,46,46,46,46,46,46
936,632,74,75,75,75,75,75,75,75,75,75,75,75,65,65,65,65,65,65,65,65,65,65,65,65,66,66,66,66,66,66,66,66,66,66,66,56,56,56,56,56,56,56,56,56,56,56,56,56,56,56,56,56,56,56,46,46,46,46,46,46,46,46,46,46,46,46,46,46,46,46,46,46,46,46,46,46,46,46,46,46,46,46,46,46,46,46,46,46,46,46,26
939,637,75,75,75,75,75,75,75,75,75,75,75,75,75,65,65,65,65,65,65,65,65,65,65,66,66,66,66,66,66,66,66,66,66,66,66,56,56,56,56,56,56,56,56,56,56,56,56,56,56,56,56,56,56,46,46,46,46,46,46,46,46,46,46,46,46,46,46,46,46,46,46,46,46,46,46,46,46,46,46,46,46,46,46,46,46,46,46,46,46,26,26
943,637,75,75,75,75,75,75,75,75,75,75,75,75,75,75,65,65,65,65,65,65,65,65,66,66,66,66,66,66,66,66,66,66,66,66,66,66,56,56,56,56,56,56,56,56,56,56,56,56,56,56,56,56,56,56,46,46,46,46,46,46,46,46,46,46,46,46,46,46,46,46,46,46,46,46,46,46,46,46,46,46,46,46,46,46,46,46,46,46,46,26,26
946,644,75,75,75,75,75,75,75,75,75,75,75,75,75,75,65,65,65,65,65,65,65,66,66,66,66,66,66,66,66,66,66,66,66,66,66,56,56,56,56,56,56,56,56,56,56,56,56,56,56,56,56,56,56,46,46,46,46,46,46,46,46,46,46,46,46,46,46,46,46,46,46,46,46,46,46,46,46,46,46,46,46,46,46,46,46,46,46,46,26,26,26
954,673,75,75,75,75,75,75,75,75,75,75,75,75,75,75,65,66,66,66,66,66,66,66,66,66,66,66,66,66,66,66,66,66,66,66,56,56,56,56,56,56,56,56,56,56,56,56,56,56,56,56,56,46,46,46,46,46,46,46,46,46,46,46,46,46,46,46,46,46,46,46,46,46,46,46,46,46,46,46,46,46,46,46,46,46,26,26,26,26,26,26,26
954,678,75,75,75,75,75,75,75,75,75,75,75,75,75,75,66,66,66,66,66,66,66,66,66,66,66,66,66,66,66,66,66,66,66,66,56,56,56,56,56,56,56,56,56,56,56,56,56,56,56,56,46,46,46,47,47,47,47,47,47,47,47,47,47,47,46,46,46,46,46,46,46,46,46,46,46,46,46,46,46,46,46,46,46,26,26,26,26,26,26,26,26
959,685,75,75,75,75,75,75,75,75,75,75,75,75,75,75,66,66,66,66,66,66,66,66,66,66,66,66,66,66,66,66,66,66,66,66,56,56,56,56,56,56,56,56,56,56,56,56,57,57,57,57,47,47,47,47,47,47,47,47,47,47,47,47,47,47,47,47,37,37,37,37,37,37,37,37,37,37,37,37,37,37,37,37,26,26,26,26,26,26,26,26,26
961,690,75,75,75,75,75,75,75,75,75,75,75,75,75,75,75,66,66,66,66,66,66,66,66,66,66,66,66,66,66,66,66,66,66,56,56,56,56,56,56,56,56,56,56,57,57,57,57,57,57,57,47,47,47,47,47,47,47,47,47,47,47,47,47,47,47,47,37,37,37,37,37,37,37,37,37,37,37,37,37,37,37,37,26,26,26,26,26,26,26,26,26
963,695,75,75,75,75,75,75,75,75,75,75,75,75,75,75,75,66,66,66,66,66,66,66,66,66,66,66,66,66,66,66,66,66,66,56,56,56,56,56,56,56,56,57,57,57,57,57,57,57,57,47,47,47,47,47,47,47,47,47,47,47,47,47,47,47,47,37,37,37,37,37,37,37,37,37,37,37,37,37,37,37,37,26,26,26,26,26,26,26,26,26,26
963,697,75,75,75,75,75,75,75,75,75,75,75,75,75,75,75,66,66,66,66,66,66,66,66,66,66,66,66,66,66,66,66,66,66,56,56,56,56,56,56,56,57,57,57,57,57,57,57,57,57,47,47,47,47,47,47,47,47,47,47,47,47,47,47,47,47,37,37,37,37,37,37,37,37,37,37,37,37,37,37,37,37,26,26,26,26,26,26,26,26,26,26
969,703,75,75,75,75,75,75,75,75,75,75,75,75,75,75,75,66,66,66,66,66,66,66,66,66,66,66,66,66,66,66,66,66,66,56,56,56,56,57,57,57,57,57,57,57,57,57,57,57,57,47,47,47,47,47,47,47,47,47,47,47,47,47,47,47,37,37,37,37,37,37,37,37,37,37,37,37,37,37,37,37,26,26,26,26,26,26,26,26,26,26,26
974,705,75,75,75,75,75,75,75,75,75,75,75,75,75,75,75,75,66,66,66,66,66,66,66,66,66,66,66,66,66,66,66,66,66,66,56,56,57,57,57,57,57,57,57,57,57,57,57,57,57,47,47,47,47,47,47,47,47,47,47,47,47,47,47,47,47,37,37,37,37,37,37,37,37,37,37,37,37,37,37,37,26,26,26,26,26,26,26,26,26,26,26
975,713,75,75,75,75,75,75,75,75,75,75,75,75,75,75,75,75,66,66,66,66,66,66,66,66,66,66,66,66,66,66,66,66,66,57,57,57,57,57,57,57,57,57,57,57,57,57,57,57,57,47,47,47,47,47,47,47,47,47,47,47,47,47,47,47,37,37,37,37,37,37,37,37,37,37,37,37,37,37,37,26,26,26,26,26,26,26,26,26,26,26,26
976,721,75,75,75,75,75,75,75,75,75,75,75,75,75,75,75,75,66,66,66,66,66,66,66,66,66,66,66,66,66,66,66,67,67,57,57,57,57,57,57,57,57,57,57,57,57,57,57,57,47,47,47,47,47,47,47,47,47,47,47,47,47,47,47,37,37,37,37,37,37,37,37,37,37,37,37,37,37,37,27,27,26,26,26,26,26,26,26,26,26,26,26
977,722,75,75,75,75,75,75,75,75,75,75,75,75,75,75,75,75,66,66,66,66,66,66,66,66,66,66,66,66,66,66,66,67,67,57,57,57,57,57,57,57,57,57,57,57,57,57,57,57,47,47,47,47,47,47,47,47,47,47,47,47,47,47,47,37,37,37,37,37,37,37,37,37,37,37,37,37,37,37,27,27,26,26,26,26,26,26,26,26,26,26,26
979,729,75,75,75,75,75,75,75,75,75,75,75,75,75,75,75,75,66,66,66,66,66,66,66,66,66,66,66,66,66,67,67,67,67,57,57,57,57,57,57,57,57,57,57,57,57,57,57,57,47,47,47,47,47,47,47,47,47,47,47,47,47,47,37,37,37,37,37,37,37,37,37,37,37,37,37,37,37,27,27,27,27,26,26,26,26,26,26,26,26,26,26
984,733,75,75,75,75,75,75,75,75,75,75,75,75,75,75,75,75,66,66,66,66,66,66,66,66,66,66,66,67,67,67,67,67,67,57,57,57,57,57,57,57,57,57,57,57,57,57,57,57,47,47,47,47,47,47,47,47,47,47,47,47,47,47,37,37,37,37,37,37,37,37,37,37,37,37,37,37,37,27,27,27,27,27,27,26,26,26,26,26,26,26,26
984,737,75,75,75,75,75,75,75,75,75,75,75,75,75,75,75,75,66,66,66,66,66,66,66,66,66,66,66,67,67,67,67,67,67,57,57,57,57,57,57,57,57,57,57,57,57,57,57,47,47,47,47,47,47,47,47,47,47,47,47,47,47,47,37,37,37,37,37,37,37,37,37,37,37,37,37,37,37,27,27,27,27,27,27,26,26,26,26,26,26,26,26
991,742,75,75,75,75,75,75,75,75,75,75,75,75,75,75,75,75,75,66,66,66,66,66,66,66,66,67,67,67,67,67,67,67,67,57,57,57,57,57,57,57,57,57,57,57,57,57,57,57,47,47,47,47,47,47,47,47,47,47,47,47,47,47,37,37,37,37,37,37,37,37,37,37,37,37,37,37,27,27,27,27,27,27,27,27,26,26,26,26,26,26,26
993,745,75,75,75,75,75,75,75,75,75,75,75,75,75,75,75,75,75,66,66,66,66,66,66,66,67,67,67,67,67,67,67,67,67,57,57,57,57,57,57,57,57,57,57,57,57,57,57,57,47,47,47,47,47,47,47,47,47,47,47,47,47,37,37,37,37,37,37,37,37,37,37,37,37,37,37,37,27,27,27,27,27,27,27,27,27,26,26,26,26,26,26
994,746,75,75,75,75,75,75,75,75,75,75,75,75,75,75,75,75,75,66,66,66,66,66,66,66,67,67,67,67,67,67,67,67,67,57,57,57,57,57,57,57,57,57,57,57,57,57,57,47,47,47,47,47,47,47,47,47,47,47,47,47,47,37,37,37,37,37,37,37,37,37,37,37,37,37,37,37,27,27,27,27,27,27,27,27,27,26,26,26,26,26,26
997,749,75,75,75,75,75,75,75,75,75,75,75,75,75,75,75,75,75,66,66,66,66,66,66,67,67,67,67,67,67,67,67,67,67,57,57,57,57,57,57,57,57,57,57,57,57,57,57,47,47,47,47,47,47,47,47,47,47,47,47,47,47,37,37,37,37,37,37,37,37,37,37,37,37,37,37,37,27,27,27,27,27,27,27,27,27,27,26,26,26,26,26
1013,749,75,75,75,75,75,75,75,75,75,75,75,75,75,75,75,75,75,75,75,66,66,66,67,67,67,67,67,67,67,67,67,67,67,67,67,57,57,57,57,57,57,57,57,57,57,57,57,57,57,47,47,47,47,47,47,47,47,47,47,47,47,47,37,37,37,37,37,37,37,37,37,37,37,37,37,37,27,27,27,27,27,27,27,27,27,27,27,27,27,26,26
1014,759,75,75,75,75,75,75,75,75,75,75,75,75,75,75,75,75,75,75,75,66,67,67,67,67,67,67,67,67,67,67,67,67,67,67,57,57,57,57,57,57,57,57,57,57,57,57,57,57,47,47,47,47,47,47,47,47,47,47,47,47,47,37,37,37,37,37,37,37,37,37,37,37,37,37,37,27,27,27,27,27,27,27,27,27,27,27,27,27,27,26,16
1023,763,86,86,76,76,76,76,76,76,76,76,76,76,76,76,76,76,76,76,76,77,67,67,67,67,67,67,67,67,67,67,67,67,67,67,67,57,57,57,57,57,57,57,57,57,57,57,57,57,47,47,47,47,47,47,47,47,47,47,47,47,47,37,37,37,37,37,37,37,37,37,37,37,37,37,37,27,27,27,27,27,27,27,27,27,27,27,27,27,27,27,17
1026,763,86,86,76,76,76,76,76,76,76,76,76,76,76,76,76,76,76,76,76,77,67,67,67,67,67,67,67,67,67,67,67,67,67,67,67,57,57,57,57,57,57,57,57,57,57,57,57,57,47,47,47,47,47,47,47,47,47,47,47,47,47,37,37,37,37,37,37,37,37,37,37,37,37,37,37,27,27,27,27,27,27,27,27,27,27,27,27,27,27,27,17
1033,764,86,86,86,86,76,76,76,76,76,76,76,76,76,76,76,76,76,76,77,77,77,67,67,67,67,67,67,67,67,67,67,67,67,67,67,67,57,57,57,57,57,57,57,57,57,57,57,57,57,47,47,47,47,47,47,47,47,47,47,47,47,47,37,37,37,37,37,37,37,37,37,37,37,37,37,27,27,27,27,27,27,27,27,27,27,27,27,27,27,17,17
1041,765,86,86,86,86,86,76,76,76,76,76,76,76,76,76,76,76,76,76,77,77,77,77,67,67,67,67,67,67,67,67,67,67,67,67,67,67,57,57,57,57,57,57,57,57,57,57,57,57,57,47,47,47,47,47,47,47,47,47,47,47,47,47,37,37,37,37,37,37,37,37,37,37,37,37,37,27,27,27,27,27,27,27,27,27,27,27,27,27,27,17,17
1041,770,86,86,86,86,86,76,76,76,76,76,76,76,76,76,76,76,76,77,77,77,77,77,67,67,67,67,67,67,67,67,67,67,67,67,67,67,57,57,57,57,57,57,57,57,57,57,57,57,57,47,47,47,47,47,47,47,47,47,47,47,47,47,37,37,37,37,37,37,37,37,37,37,37,37,37,27,27,27,27,27,27,27,27,27,27,27,27,27,27,17,17
1044,771,86,86,86,86,86,76,76,76,76,76,76,76,76,76,76,76,77,77,77,77,77,77,67,67,67,67,67,67,67,67,67,67,67,67,67,67,57,57,57,57,57,57,57,57,57,57,57,57,57,47,47,48,48,48,48,48,48,48,48,48,47,47,37,37,37,37,37,37,37,37,37,37,37,37,37,27,27,27,27,27,27,27,27,27,27,27,27,27,27,17,17
1047,779,86,86,86,86,86,86,76,76,76,76,76,76,76,76,76,77,77,77,77,77,77,77,67,67,67,67,67,67,67,67,67,67,67,67,67,67,57,57,57,57,57,57,57,57,57,58,58,58,58,48,48,48,48,48,48,48,48,48,48,48,48,38,38,38,38,37,37,37,37,37,37,37,37,37,27,27,27,27,27,27,27,27,27,27,27,27,27,27,17,17,17
1055,793,86,86,86,86,86,86,86,76,76,76,76,76,76,77,77,77,77,77,77,77,77,77,67,67,67,67,67,67,67,67,67,67,67,67,67,67,57,57,58,58,58,58,58,58,58,58,58,58,48,48,48,48,48,48,48,48,48,48,48,48,38,38,38,38,38,38,38,38,38,38,37,37,37,27,27,27,27,27,27,27,27,27,27,27,27,27,17,17,17,17,17
1057,797,86,86,86,86,86,86,86,76,76,76,76,76,77,77,77,77,77,77,77,77,77,77,67,67,67,67,67,67,67,67,67,67,67,67,67,67,57,58,58,58,58,58,58,58,58,58,58,58,48,48,48,48,48,48,48,48,48,48,48,48,38,38,38,38,38,38,38,38,38,38,38,37,27,27,27,27,27,27,27,27,27,27,27,27,27,27,17,17,17,17,17
1061,799,86,86,86,86,86,86,86,76,76,76,76,76,77,77,77,77,77,77,77,77,77,77,77,67,67,67,67,67,67,67,67,67,67,67,67,67,58,58,58,58,58,58,58,58,58,58,58,58,48,48,48,48,48,48,48,48,48,48,48,48,38,38,38,38,38,38,38,38,38,38,38,38,28,27,27,27,27,27,27,27,27,27,27,27,27,27,17,17,17,17,17
1064,802,86,86,86,86,86,86,86,86,76,76,76,77,77,77,77,77,77,77,77,77,77,77,77,67,67,67,67,67,67,67,67,67,67,67,68,68,58,58,58,58,58,58,58,58,58,58,58,58,48,48,48,48,48,48,48,48,48,48,48,48,38,38,38,38,38,38,38,38,38,38,38,38,28,28,27,27,27,27,27,27,27,27,27,27,27,17,17,17,17,17,17
1087,803,86,86,86,86,86,86,86,86,86,86,86,77,77,77,77,77,77,77,77,77,77,77,77,77,77,67,67,67,67,67,67,68,68,68,68,68,68,68,58,58,58,58,58,58,58,58,58,58,58,48,48,48,48,48,48,48,48,48,48,48,48,38,38,38,38,38,38,38,38,38,38,38,38,28,28,28,28,28,28,27,27,27,27,27,27,17,17,17,17,17,17
1090,819,86,86,86,86,86,86,86,86,86,87,87,77,77,77,77,77,77,77,77,77,77,77,77,77,77,67,67,67,68,68,68,68,68,68,68,68,68,58,58,58,58,58,58,58,58,58,58,58,58,48,48,48,48,48,48,48,48,48,48,48,38,38,38,38,38,38,38,38,38,38,38,28,28,28,28,28,28,28,28,28,28,27,27,27,17,17,17,17,17,17,17
1093,823,86,86,86,86,86,86,86,86,87,87,87,77,77,77,77,77,77,77,77,77,77,77,77,77,77,67,67,68,68,68,68,68,68,68,68,68,68,58,58,58,58,58,58,58,58,58,58,58,48,48,48,48,48,48,48,48,48,48,48,48,38,38,38,38,38,38,38,38,38,38,38,28,28,28,28,28,28,28,28,28,28,27,27,17,17,17,17,17,17,17,17
1094,824,86,86,86,86,86,86,86,86,87,87,87,77,77,77,77,77,77,77,77,77,77,77,77,77,77,67,67,68,68,68,68,68,68,68,68,68,68,58,58,58,58,58,58,58,58,58,58,58,48,48,48,48,48,48,48,48,48,48,48,48,38,38,38,38,38,38,38,38,38,38,38,28,28,28,28,28,28,28,28,28,28,28,27,17,17,17,17,17,17,17,17
1095,829,86,86,86,86,86,86,86,87,87,87,87,77,77,77,77,77,77,77,77,77,77,77,77,77,77,67,68,68,68,68,68,68,68,68,68,68,68,58,58,58,58,58,58,58,58,58,58,58,48,48,48,48,48,48,48,48,48,48,48,38,38,38,38,38,38,38,38,38,38,38,38,28,28,28,28,28,28,28,28,28,28,28,27,17,17,17,17,17,17,17,17
1105,856,86,86,86,86,87,87,87,87,87,87,87,87,77,77,77,77,77,77,77,77,77,78,78,78,78,68,68,68,68,68,68,68,68,68,68,68,58,58,58,58,58,58,58,58,58,58,58,48,48,48,48,48,48,48,48,48,48,48,38,38,38,38,38,38,38,38,38,38,38,28,28,28,28,28,28,28,28,28,28,28,18,18,18,18,17,17,17,17,17,17,17
1110,861,86,86,86,87,87,87,87,87,87,87,87,87,77,77,77,77,77,77,77,77,78,78,78,78,78,68,68,68,68,68,68,68,68,68,68,68,58,58,58,58,58,58,58,58,58,58,58,48,48,48,48,48,48,48,48,48,48,48,38,38,38,38,38,38,38,38,38,38,38,28,28,28,28,28,28,28,28,28,28,28,18,18,18,18,18,17,17,17,17,17,17
1116,875,86,86,87,87,87,87,87,87,87,87,87,87,77,77,77,77,77,78,78,78,78,78,78,78,78,68,68,68,68,68,68,68,68,68,68,68,58,58,58,58,58,58,58,58,58,58,58,48,48,48,48,48,48,48,48,48,48,38,38,38,38,38,38,38,38,38,38,38,28,28,28,28,28,28,28,28,28,28,28,18,18,18,18,18,18,18,17,17,17,17,17
1129,877,86,86,87,87,87,87,87,87,87,87,87,87,87,87,77,77,77,78,78,78,78,78,78,78,78,78,68,68,68,68,68,68,68,68,68,68,68,58,58,58,58,58,58,58,58,58,58,48,48,48,48,48,48,48,48,48,48,38,38,38,38,38,38,38,38,38,38,38,28,28,28,28,28,28,28,28,28,28,28,18,18,18,18,18,18,18,18,18,17,17,17
1142,877,86,86,87,87,87,87,87,87,87,87,87,87,87,87,87,77,78,78,78,78,78,78,78,78,78,78,78,68,68,68,68,68,68,68,68,68,68,68,58,58,58,58,58,58,58,58,58,58,48,48,48,48,48,48,48,48,48,48,38,38,38,38,38,38,38,38,38,38,28,28,28,28,28,28,28,28,28,28,28,18,18,18,18,18,18,18,18,18,18,18,17
